{
  "productName": "FireSave",
  "appId": "gg.ciberus.firesave",
  "asar": true,
  "asarUnpack": ["**\\*.{node,dll}"],
  "files": [
    "dist",
    "node_modules",
    "package.json",
    "!node_modules/greenworks/deps/**/*"
  ],
  "extraFiles": ["steam_appid.txt"],
  "afterSign": ".erb/scripts/notarize.js",
  "mac": {
    "target": {
      "target": "default",
      "arch": ["x64"]
    },
    "category": "public.app-category.games",
    "type": "distribution",
    "hardenedRuntime": true,
    "entitlements": "assets/entitlements.mac.plist",
    "entitlementsInherit": "assets/entitlements.mac.plist",
    "gatekeeperAssess": false
  },
  "dmg": {
    "contents": [
      {
        "x": 130,
        "y": 220
      },
      {
        "x": 410,
        "y": 220,
        "type": "link",
        "path": "/Applications"
      }
    ]
  },
  "win": {
    "publish": ["github"],
    "target": ["nsis"]
  },
  "linux": {
    "target": ["AppImage"],
    "category": "Game"
  },
  "directories": {
    "app": "release/app",
    "buildResources": "assets",
    "output": "release/build"
  },
  "extraResources": ["./assets/**", "./locales/**"],
  "publish": {
    "provider": "github",
    "owner": "ciberusps",
    "repo": "FireSave"
  }
}
